{"val_loss": [4.9302153159410524, 4.279416080450282, 4.360958740523088, 4.10777488230891, 4.863779471470759, 4.373269837067707, 4.214075200991546, 4.088417931263382, 3.979895960689551, 4.455435097121578, 4.357472732255232, 4.2865671048033835, 3.75140432919857, 4.308289580874973], "val_acc": [0.08523637820512821, 0.1514694041867955, 0.15056360708534622, 0.19021739130434784, 0.07942708333333333, 0.1375805152979066, 0.1625402576489533, 0.19212962962962962, 0.20994363929146537, 0.17008856682769727, 0.18568840579710144, 0.19192834138486312, 0.26882045088566825, 0.20440821256038647], "loss": [5.497194494429988, 4.44599296161815, 4.082916266219475, 3.884241549835117, 5.511617474823502, 4.4682609599898075, 4.103753107888988, 3.9076868529326454, 3.7526462356318357, 3.6304032917098263, 3.539445929984955, 3.4647660639908406, 3.398658527717581, 3.3405563622563057], "acc": [0.05742574257425743, 0.12914706610577908, 0.17991251960086863, 0.21725674672194456, 0.052176155115511554, 0.12062598002836719, 0.17502269538910642, 0.2108710902044607, 0.23974581167201472, 0.26624783361972415, 0.2875092844788151, 0.30228191796649334, 0.31884955021624145, 0.3327762647532311]}