{"R": 122.46548181694878, "G": 114.2428667046441, "B": 101.30960732150608}